{
  "timestamp": "2025-12-19T15:22:12.827772",
  "python_version": "3.11.13",
  "platform": "macOS-26.1-arm64-arm-64bit",
  "oumi_version": "unknown",
  "quick_mode": true,
  "results": [
    {
      "dataset_key": "alpaca_small",
      "dataset_name": "yahma/alpaca-cleaned",
      "dataset_config": {
        "dataset_name": "yahma/alpaca-cleaned",
        "split": "train",
        "sample_count": 100,
        "description": "Small Alpaca-format SFT dataset",
        "category": "sft",
        "oumi_load_timing": {
          "duration_seconds": 30.604544000001624,
          "peak_memory_mb": 312.8395109176636,
          "current_memory_mb": 312.7119560241699,
          "success": true,
          "error": null
        }
      },
      "num_examples": 100,
      "num_features": 3,
      "load_raw": {
        "duration_seconds": 1.6655857919249684,
        "peak_memory_mb": 6.7801713943481445,
        "current_memory_mb": 6.7372283935546875,
        "success": true,
        "error": null
      },
      "to_hf_map": {
        "duration_seconds": 17.096007750136778,
        "peak_memory_mb": 13.762587547302246,
        "current_memory_mb": 0.21879005432128906,
        "success": true,
        "error": null
      },
      "to_hf_iterable": {
        "duration_seconds": 17.208298417041078,
        "peak_memory_mb": 13.656783103942871,
        "current_memory_mb": 0.12072372436523438,
        "success": true,
        "error": null
      },
      "iteration_first_100": {
        "duration_seconds": 0.2890065829269588,
        "peak_memory_mb": 0.030452728271484375,
        "current_memory_mb": 0.023866653442382812,
        "success": true,
        "error": null
      },
      "iteration_full": {
        "duration_seconds": 0.2843731250613928,
        "peak_memory_mb": 0.030452728271484375,
        "current_memory_mb": 0.023866653442382812,
        "success": true,
        "error": null
      },
      "sampling": null,
      "oversampling": {
        "duration_seconds": 1.4501237079966813,
        "peak_memory_mb": 0.21785736083984375,
        "current_memory_mb": 0.1756916046142578,
        "success": true,
        "error": null
      },
      "examples_per_second": 351.6506701482821,
      "bytes_per_example": 0.0,
      "total_benchmark_time": 72.62478762492537
    },
    {
      "dataset_key": "sharegpt_medium",
      "dataset_name": "anon8231489123/ShareGPT_Vicuna_unfiltered",
      "dataset_config": {
        "dataset_name": "anon8231489123/ShareGPT_Vicuna_unfiltered",
        "subset": "ShareGPT_V3_unfiltered_cleaned_split_no_imsorry",
        "split": "train",
        "sample_count": 500,
        "description": "ShareGPT multi-turn conversation dataset",
        "category": "sft",
        "oumi_load_timing": {
          "duration_seconds": 0.28079491714015603,
          "peak_memory_mb": 0.0028209686279296875,
          "current_memory_mb": 0.0018157958984375,
          "success": false,
          "error": "ModuleNotFoundError: No module named 'oumi.datasets.sft.generic_sft'"
        }
      },
      "num_examples": 0,
      "num_features": 0,
      "load_raw": {
        "duration_seconds": 1.7012532090302557,
        "peak_memory_mb": 0.27789974212646484,
        "current_memory_mb": 0.24806594848632812,
        "success": false,
        "error": "DataFilesNotFoundError: No (supported) data files found in anon8231489123/ShareGPT_Vicuna_unfiltered"
      },
      "to_hf_map": null,
      "to_hf_iterable": null,
      "iteration_first_100": null,
      "iteration_full": null,
      "sampling": null,
      "oversampling": null,
      "examples_per_second": 0.0,
      "bytes_per_example": 0.0,
      "total_benchmark_time": 2.260126458015293
    },
    {
      "dataset_key": "openhermes_large",
      "dataset_name": "teknium/OpenHermes-2.5",
      "dataset_config": {
        "dataset_name": "teknium/OpenHermes-2.5",
        "split": "train",
        "sample_count": 1000,
        "description": "Large OpenAI-format instruction dataset",
        "category": "sft",
        "oumi_load_timing": {
          "duration_seconds": 0.2799924579448998,
          "peak_memory_mb": 0.0027065277099609375,
          "current_memory_mb": 0.00170135498046875,
          "success": false,
          "error": "ModuleNotFoundError: No module named 'oumi.datasets.sft.generic_sft'"
        }
      },
      "num_examples": 1000,
      "num_features": 16,
      "load_raw": {
        "duration_seconds": 2.5782327922061086,
        "peak_memory_mb": 0.4873037338256836,
        "current_memory_mb": 0.2471914291381836,
        "success": true,
        "error": null
      },
      "to_hf_map": null,
      "to_hf_iterable": null,
      "iteration_first_100": {
        "duration_seconds": 0.289846875006333,
        "peak_memory_mb": 0.10486221313476562,
        "current_memory_mb": 0.09972763061523438,
        "success": true,
        "error": null
      },
      "iteration_full": {
        "duration_seconds": 0.38160687522031367,
        "peak_memory_mb": 0.13755321502685547,
        "current_memory_mb": 0.11758613586425781,
        "success": true,
        "error": null
      },
      "sampling": {
        "duration_seconds": 1.1102607080247253,
        "peak_memory_mb": 0.36534690856933594,
        "current_memory_mb": 0.16350364685058594,
        "success": true,
        "error": null
      },
      "oversampling": {
        "duration_seconds": 1.125107750063762,
        "peak_memory_mb": 0.3754892349243164,
        "current_memory_mb": 0.2073822021484375,
        "success": true,
        "error": null
      },
      "examples_per_second": 2620.49786032463,
      "bytes_per_example": 0.0,
      "total_benchmark_time": 6.643789291847497
    },
    {
      "dataset_key": "ultrafeedback_dpo",
      "dataset_name": "HuggingFaceH4/ultrafeedback_binarized",
      "dataset_config": {
        "dataset_name": "HuggingFaceH4/ultrafeedback_binarized",
        "split": "train_prefs",
        "sample_count": 500,
        "description": "DPO preference dataset with chosen/rejected",
        "category": "dpo",
        "oumi_load_timing": {
          "duration_seconds": 0.2767794581595808,
          "peak_memory_mb": 0.0027065277099609375,
          "current_memory_mb": 0.00170135498046875,
          "success": false,
          "error": "ModuleNotFoundError: No module named 'oumi.datasets.sft.generic_sft'"
        }
      },
      "num_examples": 500,
      "num_features": 7,
      "load_raw": {
        "duration_seconds": 9.381399540929124,
        "peak_memory_mb": 0.18722152709960938,
        "current_memory_mb": 0.1476421356201172,
        "success": true,
        "error": null
      },
      "to_hf_map": null,
      "to_hf_iterable": null,
      "iteration_first_100": {
        "duration_seconds": 0.28625704208388925,
        "peak_memory_mb": 0.10413265228271484,
        "current_memory_mb": 0.06281375885009766,
        "success": true,
        "error": null
      },
      "iteration_full": {
        "duration_seconds": 0.31553229107521474,
        "peak_memory_mb": 0.22028255462646484,
        "current_memory_mb": 0.14124202728271484,
        "success": true,
        "error": null
      },
      "sampling": {
        "duration_seconds": 1.2509684590622783,
        "peak_memory_mb": 0.1817455291748047,
        "current_memory_mb": 0.10878467559814453,
        "success": true,
        "error": null
      },
      "oversampling": {
        "duration_seconds": 1.0719158749561757,
        "peak_memory_mb": 0.217437744140625,
        "current_memory_mb": 0.13401222229003906,
        "success": true,
        "error": null
      },
      "examples_per_second": 1584.6238693865184,
      "bytes_per_example": 0.0,
      "total_benchmark_time": 13.429859667085111
    },
    {
      "dataset_key": "code_alpaca",
      "dataset_name": "sahil2801/CodeAlpaca-20k",
      "dataset_config": {
        "dataset_name": "sahil2801/CodeAlpaca-20k",
        "split": "train",
        "sample_count": 100,